﻿<?xml version="1.0" encoding="utf-8"?>

<!-- Be sure to use the new v1.1 namespace to utilize the new PhraseTopic feature -->
<VoiceCommands xmlns="http://schemas.microsoft.com/voicecommands/1.1">
    <!-- The CommandSet Name is used to programmatically access the CommandSet -->
    <CommandSet xml:lang="en-us" Name="englishCommands">
        <!-- The CommandPrefix provides an alternative to your full app name for invocation -->
        <CommandPrefix> MSDN </CommandPrefix>
        <!-- The CommandSet Example appears in the global help alongside your app name -->
        <Example> find 'Windows Phone Voice Commands' </Example>

        <Command Name="MSDNSearch">
            <!-- The Command example appears in the drill-down help page for your app -->
            <Example> find 'how to install CommandSets' </Example>

            <!-- ListenFor elements provide ways to say the command, including references to 
            {PhraseLists} and {PhraseTopics} as well as [optional] words -->
            <ListenFor> Search </ListenFor>
            <ListenFor> Search [for] {dictatedSearchTerms} </ListenFor>
            <ListenFor> Find {dictatedSearchTerms} </ListenFor>
            <ListenFor> Find </ListenFor>

          <!--Feedback provides the displayed and spoken text when your command is triggered -->
            <Feedback> Searching MSDN... </Feedback>

            <!-- Navigate specifies the desired page or invocation destination for the Command-->
            <Navigate Target="MainPage.xaml" />
        </Command>

        <Command Name="MSDNNaturalLanguage">
            <Example> I want to go to the Windows Phone Dev center </Example>
            <ListenFor> {naturalLanguage} </ListenFor>
            <Feedback> Starting MSDN... </Feedback>
            <Navigate Target="MainPage.xaml" />
        </Command>

        <PhraseTopic Label="dictatedSearchTerms" Scenario="Search">
            <Subject> MSDN </Subject>
        </PhraseTopic>

        <PhraseTopic Label="naturalLanguage" Scenario="Natural Language">
            <Subject> MSDN </Subject>
        </PhraseTopic>

    </CommandSet>
</VoiceCommands>