﻿<?xml version="1.0" encoding="utf-8"?>
<Deployment xmlns="http://schemas.microsoft.com/windowsphone/2012/deployment" AppPlatformVersion="8.0">
  <DefaultLanguage xmlns="" code="en-US" />
  <Languages xmlns="">
    <Language code="en" />
    <Language code="en-US" />
  </Languages>
  <App xmlns="" ProductID="{e956af90-5d9b-44ab-8555-50c2ff0c5b0e}" Title="MSDN Voice Search" RuntimeType="Silverlight" Version="1.0.0.0" Genre="apps.normal" Author="Microsoft Corporation" Description="Search MSDN with Cortana using Voice Commands! This demonstrative application provides basic, voice-enabled search capabilities on MSDN while also providing self-referential access to its source code, documentation, and related resources." Publisher="Microsoft Corporation" PublisherID="{f7d288ce-831c-40af-8c3c-9e57e1e1a539}">
    <IconPath IsRelative="true" IsResource="false">Assets\SDK\microphone.png</IconPath>
    <Capabilities>
      <Capability Name="ID_CAP_NETWORKING" />
      <Capability Name="ID_CAP_MEDIALIB_AUDIO" />
      <Capability Name="ID_CAP_MEDIALIB_PLAYBACK" />
      <Capability Name="ID_CAP_SENSORS" />
      <Capability Name="ID_CAP_WEBBROWSERCOMPONENT" />
      <Capability Name="ID_CAP_MICROPHONE" />
      <Capability Name="ID_CAP_SPEECH_RECOGNITION" />
    </Capabilities>
    <Tasks>
      <DefaultTask Name="_default" NavigationPage="MainPage.xaml" />
    </Tasks>
    <Tokens>
      <PrimaryToken TokenID="MSDN_Voice_SearchToken" TaskName="_default">
        <TemplateFlip>
          <SmallImageURI IsRelative="true" IsResource="false">Assets\SDK\microphone.png</SmallImageURI>
          <Count>0</Count>
          <BackgroundImageURI IsRelative="true" IsResource="false">Assets\SDK\microphone.png</BackgroundImageURI>
          <Title>MSDN Voice Search</Title>
          <BackContent>
          </BackContent>
          <BackBackgroundImageURI>
          </BackBackgroundImageURI>
          <BackTitle>
          </BackTitle>
          <DeviceLockImageURI>
          </DeviceLockImageURI>
          <HasLarge>
          </HasLarge>
        </TemplateFlip>
      </PrimaryToken>
    </Tokens>
    <ScreenResolutions>
      <ScreenResolution Name="ID_RESOLUTION_WVGA" />
      <ScreenResolution Name="ID_RESOLUTION_WXGA" />
      <ScreenResolution Name="ID_RESOLUTION_HD720P" />
    </ScreenResolutions>
  </App>
</Deployment>